-- ============================================================
-- SAMPLE DATA - Býi Vi?n Explorer (–„ m? r?ng 20 record/b?ng)
-- ============================================================
-- Xůa data cu (n?u b?ng t?n t?i)
IF OBJECT_ID('AppSettings','U') IS NOT NULL DELETE FROM AppSettings;
IF OBJECT_ID('ShopHours','U') IS NOT NULL DELETE FROM ShopHours;
IF OBJECT_ID('Narrations','U') IS NOT NULL DELETE FROM Narrations;
IF OBJECT_ID('Analytics','U') IS NOT NULL DELETE FROM Analytics;
IF OBJECT_ID('Zones','U') IS NOT NULL DELETE FROM Zones;
IF OBJECT_ID('Users','U') IS NOT NULL DELETE FROM Users;
IF OBJECT_ID('Routes','U') IS NOT NULL DELETE FROM Routes;
IF OBJECT_ID('Shops','U') IS NOT NULL DELETE FROM Shops;
-- Reset Identity counters
IF OBJECT_ID('AppSettings','U') IS NOT NULL DBCC CHECKIDENT ('AppSettings', RESEED, 0);
IF OBJECT_ID('ShopHours','U') IS NOT NULL DBCC CHECKIDENT ('ShopHours', RESEED, 0);
IF OBJECT_ID('Shops','U') IS NOT NULL DBCC CHECKIDENT ('Shops', RESEED, 0);
IF OBJECT_ID('Routes','U') IS NOT NULL DBCC CHECKIDENT ('Routes', RESEED, 0);
IF OBJECT_ID('Zones','U') IS NOT NULL DBCC CHECKIDENT ('Zones', RESEED, 0);
IF OBJECT_ID('Narrations','U') IS NOT NULL DBCC CHECKIDENT ('Narrations', RESEED, 0);
IF OBJECT_ID('Users','U') IS NOT NULL DBCC CHECKIDENT ('Users', RESEED, 0);
-- ============================================================
-- 1. Insert 20 Shops
-- ============================================================
INSERT INTO Shops (Name, Address, PhoneNumber, ImageUrl)
VALUES (
        N'The Hideout Bar',
        N'11 Býi Vi?n, Q1, TP.HCM',
        N'028-3838-1111',
        NULL
    ),
    (
        N'Crazy Buffalo Bar',
        N'9 Býi Vi?n, Q1, TP.HCM',
        N'028-3838-2222',
        NULL
    ),
    (
        N'Spotted By Locals',
        N'5 Býi Vi?n, Q1, TP.HCM',
        N'028-3838-3333',
        NULL
    ),
    (
        N'Boheme Pub',
        N'28 Býi Vi?n, Q1, TP.HCM',
        N'028-3838-4444',
        NULL
    ),
    (
        N'Sahara Beer Club',
        N'111 Býi Vi?n, Q1, TP.HCM',
        N'028-3838-5555',
        NULL
    ),
    (
        N'Miss Saigon',
        N'50 Býi Vi?n, Q1, TP.HCM',
        N'028-3838-6666',
        NULL
    ),
    (
        N'Ocean Club',
        N'41 Býi Vi?n, Q1, TP.HCM',
        N'028-3838-7777',
        NULL
    ),
    (
        N'Donkey Bar',
        N'120 Býi Vi?n, Q1, TP.HCM',
        N'028-3838-8888',
        NULL
    ),
    (
        N'Universal Pub',
        N'90 Býi Vi?n, Q1, TP.HCM',
        N'028-3838-9999',
        NULL
    ),
    (
        N'Champion Sports Bar',
        N'45 Býi Vi?n, Q1, TP.HCM',
        N'028-3838-0000',
        NULL
    ),
    (
        N'Hair of the Dog',
        N'194 Býi Vi?n, Q1, TP.HCM',
        N'028-3838-1122',
        NULL
    ),
    (
        N'Republic Club',
        N'200 Býi Vi?n, Q1, TP.HCM',
        N'028-3838-2233',
        NULL
    ),
    (
        N'86 Club',
        N'86 Býi Vi?n, Q1, TP.HCM',
        N'028-3838-3344',
        NULL
    ),
    (
        N'Le Pub',
        N'175 Býi Vi?n, Q1, TP.HCM',
        N'028-3838-4455',
        NULL
    ),
    (
        N'Asiana Food Town',
        N'Khu ?m th?c ng?m 23/9, Q1, TP.HCM',
        N'028-3838-5566',
        NULL
    ),
    (
        N'Krystal Lounge',
        N'80 Býi Vi?n, Q1, TP.HCM',
        N'028-3838-6677',
        NULL
    ),
    (
        N'Nubes Rooftop',
        N'115 Býi Vi?n, Q1, TP.HCM',
        N'028-3838-7788',
        NULL
    ),
    (
        N'Sky Bar 360',
        N'99 Býi Vi?n, Q1, TP.HCM',
        N'028-3838-8899',
        NULL
    ),
    (
        N'Corner Coffee & Beer',
        N'1 Býi Vi?n, Q1, TP.HCM',
        N'028-3838-9900',
        NULL
    ),
    (
        N'Local Býi Vi?n',
        N'33 Býi Vi?n, Q1, TP.HCM',
        N'028-3838-0011',
        NULL
    );

-- ============================================================
-- 1a. Insert sample hours for shops (Mon-Sun, 8:00-23:00 open by default)
-- ============================================================
INSERT INTO ShopHours (ShopId, DayOfWeek, OpenTime, CloseTime)
SELECT Id, v.Number, '08:00', '23:00'
FROM Shops
CROSS JOIN (VALUES (1),(2),(3),(4),(5),(6),(7)) v(Number);

-- ============================================================
-- 1b. System settings defaults
-- ============================================================
INSERT INTO AppSettings([Key],[Value])
VALUES ('DefaultLanguage','vi'),
       ('EnableApiSync','1');

-- ============================================================
-- 2. Insert 20 Users (2 Admins, 18 Vendors)
-- ============================================================
INSERT INTO Users (Username, PasswordHash, FullName, Email, Role, ShopId, IsActive)
VALUES (N'admin', N'123456', N'Admin User', N'admin@buivienexplorer.com', 0, NULL, 1),
    (N'admin2', N'123456', N'Second Admin', N'admin2@buivienexplorer.com', 0, NULL, 1),
    (N'vendor1', N'123456', N'Vendor 1', N'vendor1@example.com', 1, 1, 1),
    (N'vendor2', N'123456', N'Vendor 2', N'vendor2@example.com', 1, 2, 1),
    (N'vendor3', N'123456', N'Vendor 3', N'vendor3@example.com', 1, 3, 1),
    (N'vendor4', N'123456', N'Vendor 4', N'vendor4@example.com', 1, 4, 1),
    (N'vendor5', N'123456', N'Vendor 5', N'vendor5@example.com', 1, 5, 1),
    (N'vendor6', N'123456', N'Vendor 6', N'vendor6@example.com', 1, 6, 1),
    (N'vendor7', N'123456', N'Vendor 7', N'vendor7@example.com', 1, 7, 1),
    (N'vendor8', N'123456', N'Vendor 8', N'vendor8@example.com', 1, 8, 1),
    (N'vendor9', N'123456', N'Vendor 9', N'vendor9@example.com', 1, 9, 1),
    (N'vendor10', N'123456', N'Vendor 10', N'vendor10@example.com', 1, 10, 1),
    (N'vendor11', N'123456', N'Vendor 11', N'vendor11@example.com', 1, 11, 1),
    (N'vendor12', N'123456', N'Vendor 12', N'vendor12@example.com', 1, 12, 1),
    (N'vendor13', N'123456', N'Vendor 13', N'vendor13@example.com', 1, 13, 1),
    (N'vendor14', N'123456', N'Vendor 14', N'vendor14@example.com', 1, 14, 1),
    (N'vendor15', N'123456', N'Vendor 15', N'vendor15@example.com', 1, 15, 1),
    (N'vendor16', N'123456', N'Vendor 16', N'vendor16@example.com', 1, 16, 1),
    (N'vendor17', N'123456', N'Vendor 17', N'vendor17@example.com', 1, 17, 1),
    (N'vendor18', N'123456', N'Vendor 18', N'vendor18@example.com', 1, 18, 1);
-- ============================================================
-- 3. Insert 1 Route
-- ============================================================
INSERT INTO Routes (
        Name,
        Description,
        StartLatitude,
        StartLongitude,
        ImageUrl,
        IsActive
    )
VALUES (
        N'Býi Vi?n Walking Tour',
        N'KhŠm phŠ ph? di b? Býi Vi?n t? d?u d?n cu?i.',
        10.76968,
        106.69156,
        NULL,
        1
    );
-- routeId will be queried when needed below (no variable required)


-- ============================================================
-- 4. Insert 20 Zones (M?i Route gŠn 1 Zone d? d?m b?o ců data)
-- ============================================================
INSERT INTO Zones (
        RouteId,
        ShopId,
        Name,
        Description,
        Latitude,
        Longitude,
        Radius,
        OrderIndex,
        ZoneType,
        IsActive,
        ActiveTime
    )
VALUES (
        (SELECT TOP 1 Id FROM Routes WHERE Name = N'Býi Vi?n Walking Tour'),
        NULL,
        N'C?ng chŗo Býi Vi?n',
        N'Noi důn khŠch tham quan chŪnh th?c c?a toŗn ph?.',
        10.76968,
        106.69156,
        20,
        1,
        3,
        1,
        0
    ),
    (
        (SELECT TOP 1 Id FROM Routes WHERE Name = N'Býi Vi?n Walking Tour'),
        1,
        N'The Hideout Bar',
        N'QuŠn bar l‚u d?i.',
        10.76945,
        106.69170,
        15,
        2,
        0,
        1,
        2
    ),
    (
        (SELECT TOP 1 Id FROM Routes WHERE Name = N'Býi Vi?n Walking Tour'),
        2,
        N'Crazy Buffalo Bar',
        N'Bi?u tu?ng n?i ti?ng v?i mŰ hžnh tr‚u r?ng.',
        10.76930,
        106.69185,
        15,
        3,
        0,
        1,
        2
    ),
    (
        (SELECT TOP 1 Id FROM Routes WHERE Name = N'Býi Vi?n Walking Tour'),
        NULL,
        N'Qu?ng tru?ng gi?a',
        N'Noi hay ců mķa l?a ngh? thu?t.',
        10.76910,
        106.69200,
        25,
        4,
        3,
        1,
        0
    ),
    (
        (SELECT TOP 1 Id FROM Routes WHERE Name = N'Býi Vi?n Walking Tour'),
        3,
        N'Spotted By Locals',
        N'Nhŗ hŗng ců khŰng khŪ l„ng m?n.',
        10.76890,
        106.69215,
        15,
        5,
        1,
        1,
        0
    ),
    (
        (SELECT TOP 1 Id FROM Routes WHERE Name = N'Býi Vi?n Walking Tour'),
        4,
        N'Boheme Pub',
        N'–i?m d?n cho sinh viÍn qu?y banh nůc.',
        10.76895,
        106.69225,
        15,
        6,
        0,
        1,
        2
    ),
    (
        (SELECT TOP 1 Id FROM Routes WHERE Name = N'Býi Vi?n Walking Tour'),
        5,
        N'Sahara Beer Club',
        N'Tr?i nghi?m bia hoi vŗ nh?c DJ.',
        10.76890,
        106.69230,
        15,
        7,
        0,
        1,
        2
    ),
    (
        (SELECT TOP 1 Id FROM Routes WHERE Name = N'Býi Vi?n Walking Tour'),
        6,
        N'Miss Saigon',
        N'Phong cŠch sang tr?ng v?i ‚m nh?c hi?n d?i.',
        10.76885,
        106.69235,
        15,
        8,
        0,
        1,
        2
    ),
    (
        (SELECT TOP 1 Id FROM Routes WHERE Name = N'Býi Vi?n Walking Tour'),
        7,
        N'Ocean Club',
        N'N?i b?t v?i thi?t k? xanh mŠt nhi?t d?i.',
        10.76880,
        106.69240,
        15,
        9,
        0,
        1,
        2
    ),
    (
        (SELECT TOP 1 Id FROM Routes WHERE Name = N'Býi Vi?n Walking Tour'),
        8,
        N'Donkey Bar',
        N'KhŰng gian nh?, ?m cķng.',
        10.76875,
        106.69245,
        15,
        10,
        0,
        1,
        2
    ),
    (
        (SELECT TOP 1 Id FROM Routes WHERE Name = N'Býi Vi?n Walking Tour'),
        9,
        N'Universal Pub',
        N'Nh?c s?ng T‚y ba lŰ yÍu thŪch.',
        10.76870,
        106.69250,
        15,
        11,
        0,
        1,
        2
    ),
    (
        (SELECT TOP 1 Id FROM Routes WHERE Name = N'Býi Vi?n Walking Tour'),
        10,
        N'Champion Sports Bar',
        N'Noi xem bůng dŠ ngo?i h?ng Anh t?t nh?t.',
        10.76865,
        106.69255,
        15,
        12,
        0,
        1,
        2
    ),
    (
        (SELECT TOP 1 Id FROM Routes WHERE Name = N'Býi Vi?n Walking Tour'),
        11,
        N'Hair of the Dog',
        N'SŰi d?ng th‚u dÍm.',
        10.76860,
        106.69260,
        15,
        13,
        0,
        1,
        2
    ),
    (
        (SELECT TOP 1 Id FROM Routes WHERE Name = N'Býi Vi?n Walking Tour'),
        12,
        N'Republic Club',
        N'Sang tr?ng d?ng c?p.',
        10.76855,
        106.69265,
        15,
        14,
        0,
        1,
        2
    ),
    (
        (SELECT TOP 1 Id FROM Routes WHERE Name = N'Býi Vi?n Walking Tour'),
        13,
        N'86 Club',
        N'Gůc ph? nhžn ra cŰng viÍn 23/9.',
        10.76850,
        106.69270,
        15,
        15,
        0,
        1,
        2
    ),
    (
        (SELECT TOP 1 Id FROM Routes WHERE Name = N'Býi Vi?n Walking Tour'),
        14,
        N'Le Pub',
        N'KhŠch T‚y hay ng?i v?a hŤ.',
        10.76845,
        106.69275,
        15,
        16,
        0,
        1,
        2
    ),
    (
        (SELECT TOP 1 Id FROM Routes WHERE Name = N'Býi Vi?n Walking Tour'),
        15,
        N'Asiana Food Town',
        N'Khu ?m th?c da qu?c gia.',
        10.76840,
        106.69280,
        15,
        17,
        1,
        1,
        0
    ),
    (
        (SELECT TOP 1 Id FROM Routes WHERE Name = N'Býi Vi?n Walking Tour'),
        16,
        N'Krystal Lounge',
        N'Thu gi„n thu?ng th?c Shisha.',
        10.76835,
        106.69285,
        15,
        18,
        0,
        1,
        2
    ),
    (
        (SELECT TOP 1 Id FROM Routes WHERE Name = N'Býi Vi?n Walking Tour'),
        17,
        N'Nubes Rooftop',
        N'T? t?ng thu?ng b?n ců th? ng?m Landmark 81.',
        10.76830,
        106.69290,
        15,
        19,
        0,
        1,
        2
    ),
    (
        (SELECT TOP 1 Id FROM Routes WHERE Name = N'Býi Vi?n Walking Tour'),
        18,
        N'Sky Bar 360',
        N'Nh?c House, chill.',
        10.76825,
        106.69295,
        15,
        20,
        0,
        1,
        2
    );

-- ============================================================
-- 5. Insert 20 Narrations (GŠn cho 20 Zones, random ngŰn ng?)
-- ============================================================
-- capture the first 20 zone ids in variables so we don't assume they start at 1
DECLARE @z1 INT,@z2 INT,@z3 INT,@z4 INT,@z5 INT,@z6 INT,@z7 INT,@z8 INT,@z9 INT,@z10 INT,
        @z11 INT,@z12 INT,@z13 INT,@z14 INT,@z15 INT,@z16 INT,@z17 INT,@z18 INT,@z19 INT,@z20 INT;
WITH numbered AS (
    SELECT Id, ROW_NUMBER() OVER (ORDER BY Id) AS rn
    FROM Zones
)
SELECT
    @z1 = MAX(CASE WHEN rn = 1 THEN Id END),
    @z2 = MAX(CASE WHEN rn = 2 THEN Id END),
    @z3 = MAX(CASE WHEN rn = 3 THEN Id END),
    @z4 = MAX(CASE WHEN rn = 4 THEN Id END),
    @z5 = MAX(CASE WHEN rn = 5 THEN Id END),
    @z6 = MAX(CASE WHEN rn = 6 THEN Id END),
    @z7 = MAX(CASE WHEN rn = 7 THEN Id END),
    @z8 = MAX(CASE WHEN rn = 8 THEN Id END),
    @z9 = MAX(CASE WHEN rn = 9 THEN Id END),
    @z10 = MAX(CASE WHEN rn = 10 THEN Id END),
    @z11 = MAX(CASE WHEN rn = 11 THEN Id END),
    @z12 = MAX(CASE WHEN rn = 12 THEN Id END),
    @z13 = MAX(CASE WHEN rn = 13 THEN Id END),
    @z14 = MAX(CASE WHEN rn = 14 THEN Id END),
    @z15 = MAX(CASE WHEN rn = 15 THEN Id END),
    @z16 = MAX(CASE WHEN rn = 16 THEN Id END),
    @z17 = MAX(CASE WHEN rn = 17 THEN Id END),
    @z18 = MAX(CASE WHEN rn = 18 THEN Id END),
    @z19 = MAX(CASE WHEN rn = 19 THEN Id END),
    @z20 = MAX(CASE WHEN rn = 20 THEN Id END)
FROM numbered;

IF EXISTS (SELECT 1 FROM Zones)
BEGIN
INSERT INTO Narrations (ZoneId, Language, Text, VoiceId)
VALUES (
        @z1,
        N'vi',
        N'Chŗo m?ng b?n d?n v?i C?ng chŗo Býi Vi?n. H„y s?n sŗng tr?i nghi?m bu?i t?i thķ v?.',
        N'vi-VN-Standard-A'
    ),
    (
        @z2,
        N'vi',
        N'–‚y lŗ The Hideout Bar, luŰn lŗ di?m nh?u lż tu?ng c?a khŠch phuong xa.',
        N'vi-VN-Standard-A'
    ),
    (
        @z3,
        N'vi',
        N'Crazy Buffalo Bar ců khŰng gian c?c d?i. H„y ch?p m?t b?c ?nh check in ? d‚y nhť.',
        N'vi-VN-Standard-A'
    ),
    (
        @z4,
        N'vi',
        N'T?i qu?ng tru?ng trung t‚m nŗy, cu?i tu?n hay ců mķa l?a vŗ bi?u di?n ?o thu?t.',
        N'vi-VN-Standard-A'
    ),
    (
        @z5,
        N'vi',
        N'Spotted By Locals cung c?p cŠc můn an ngon sau khi d?o ph?.',
        N'vi-VN-Standard-A'
    ),
    (
        @z6,
        N'vi',
        N'Boheme Pub ců DJ choi nh?c c?c chŠy. H„y ghť vŗo th? 1 chai bia!',
        N'vi-VN-Standard-A'
    ),
    (
        @z7,
        N'en',
        N'Welcome to Sahara Beer Club. Let''s have a cold beer and enjoy the vibe.',
        N'en-US-Standard-C'
    ),
    (
        @z8,
        N'en',
        N'This is Miss Saigon, where modern aesthetics meet traditional hospitality.',
        N'en-US-Standard-C'
    ),
    (
        @z9,
        N'en',
        N'Ocean Club offers a tropical vibe right inside the crowded city.',
        N'en-US-Standard-C'
    ),
    (
        @z10,
        N'en',
        N'Donkey Bar is the best place to chill and talk with your friends.',
        N'en-US-Standard-C'
    ),
    (
        @z11,
        N'vi',
        N'Universal Pub lŗ noi hay ců nh?c Acoustic.',
        N'vi-VN-Standard-A'
    ),
    (
        @z12,
        N'vi',
        N'N?u b?n mÍ bůng dŠ, h„y d?ng ch‚n t?i Champion Sports Bar vŗo cu?i tu?n.',
        N'vi-VN-Standard-A'
    ),
    (
        @z13,
        N'en',
        N'Hair of the Dog is perfect for late night parties.',
        N'en-US-Standard-C'
    ),
    (
        @z14,
        N'en',
        N'Republic Club is the premium option for EDM lovers.',
        N'en-US-Standard-C'
    ),
    (
        @z15,
        N'vi',
        N'T? 86 Club b?n ců th? ng?i nhžn ra khu cŰng viÍn c?c k? thoŠng.',
        N'vi-VN-Standard-A'
    ),
    (
        @z16,
        N'vi',
        N'Le Pub lŗ noi giao thoa van hůa du?ng ph? r?t tuy?t v?i.',
        N'vi-VN-Standard-A'
    ),
    (
        @z17,
        N'en',
        N'Asiana Food Town is literally an underground food heaven.',
        N'en-US-Standard-C'
    ),
    (
        @z18,
        N'vi',
        N'Vŗo Krystal Lounge b?n s? th?y khŰng khŪ r?t tinh lang nh? nhŗng hon.',
        N'vi-VN-Standard-A'
    ),
    (
        @z19,
        N'vi',
        N'B?n mu?n ng?m c?nh u? Nhžn lÍn ngay, Nubes Rooftop ? trÍn l?u 6.',
        N'vi-VN-Standard-A'
    ),
    (
        @z20,
        N'en',
        N'End your night gracefully at Sky Bar 360 with a panoramic view.',        N'en-US-Standard-C'
    );
END
-- Ki?m tra k?t qu?
SELECT N'Routes' AS [Table],
    COUNT(*) AS [Count]
FROM Routes
UNION ALL
SELECT N'Zones',
    COUNT(*)
FROM Zones
UNION ALL
SELECT N'Narrations',
    COUNT(*)
FROM Narrations
UNION ALL
SELECT N'Shops',
    COUNT(*)
FROM Shops
UNION ALL
SELECT N'Users',
    COUNT(*)
FROM Users;

